[1,["ecpdLyjvZBwrvm+cedCcQy","5euvKrrGRD2p+2w4krCiQ9","d90TQfmThPPY4uZubh+8VU","744QDkKo5GLIqWaazwqpN9","87I3wOQZhHe6BwKyE4Jbls","47whqd7clK648ZBIXJGqu3","59kwg3VU9H/LZTz33pWn+6"],["node","_textureSetter","_spriteFrame","scene","_parent"],[["cc.Node",["_name","_id","_active","_components","_contentSize","_parent","_trs","_children"],0,9,5,1,7,2],"cc.SpriteFrame",["cc.Sprite",["_sizeMode","_enabled","_type","node","_materials","_spriteFrame"],0,1,3,6],["cc.Widget",["_alignFlags","_originalWidth","_originalHeight","node"],0,1],["cc.SceneAsset",["_name","asyncLoadAssets"],1],["cc.Node",["_name","_parent","_components","_contentSize","_trs"],2,1,2,5,7],["cc.Canvas",["node","_designResolution"],3,1,5],["cc.Scene",["_name","_children","_anchorPoint","_trs"],2,2,5,7],["cc.Camera",["_clearFlags","_depth","node"],1,1],["cc.Label",["_string","_N$verticalAlign","node","_materials"],1,1,3],["89e3bULnINAO5LStk1zefH7",["node","loadingSprite","loadingLabel"],3,1,1,1]],[[5,0,1,2,3,4,2],[4,0,1,3],[0,0,1,7,3,4,6,3],[0,0,5,3,4,2],[0,0,5,3,4,6,2],[0,0,2,5,3,4,6,3],[0,0,1,5,3,3],[6,0,1,1],[3,0,3,2],[3,0,1,2,3,4],[7,0,1,2,3,2],[2,0,3,4,5,2],[2,1,3,4,5,2],[2,2,3,4,2],[8,0,1,2,3],[9,0,1,2,3,3],[10,0,1,2,1]],[[[{"name":"splashhit","rect":[0,0,2208,1242],"offset":[0,0],"originalSize":[2208,1242],"capInsets":[0,0,0,0]}],[1],0,[0],[1],[1]],[[{"name":"loading-hit","rect":[1,1,723,18],"offset":[0.5,0],"originalSize":[724,20],"capInsets":[0,0,0,0]}],[1],0,[0],[1],[2]],[[{"name":"splashdaphu","rect":[0,0,1920,1080],"offset":[0,0],"originalSize":[1920,1080],"capInsets":[0,0,0,0]}],[1],0,[0],[1],[3]],[[[1,"LoadScene",null],[2,"Canvas","a5esZu+45LA5mBpvttspPD",[-3,-4,-5,-6,-7],[[7,-1,[5,1560,720]],[8,45,-2]],[5,1560,720],[780,360,0,0,0,0,1,1,1,1]],[10,"New Node",[1,-8],[0,0,0],[0,0,0,0,0,0,1,1,1,1]],[3,"BG",1,[[9,45,1280,720,-9],[11,0,-10,[0],1]],[5,1560,720]],[4,"Main Camera",1,[[14,7,-1,-11]],[5,960,640],[0,0,252.8794179050561,0,0,0,1,1,1,1]],[5,"Logo",false,1,[[12,false,-12,[2],3]],[5,2208,1242],[1.823,21.22200000000001,0,0,0,0,1,0.8,0.8,1]],[0,"blue bar",1,[-13],[5,723,18],[-3.133,-235.281,0,0,0,0,1,1,1,1]],[13,3,6,[4]],[0,"label loading",1,[-14],[5,33.34,50.4],[0,-278.921,0,0,0,0,1,1,1,1]],[15,"...",1,8,[5]],[6,"LoadGameController","e9e/uY8j9H1ahk4+HzS1vY",2,[[16,-15,7,9]]]],0,[0,0,1,0,0,1,0,-1,4,0,-2,3,0,-3,5,0,-4,6,0,-5,8,0,-2,10,0,0,3,0,0,3,0,0,4,0,0,5,0,-1,7,0,-1,9,0,0,10,0,3,2,1,4,2,15],[0,0,0,0,0,0,7],[-1,2,-1,2,-1,-1,2],[0,4,0,5,0,0,6]]]]